2026-06-02 22:37:24,"YESTECH-SK","Final merge of 'feature/executing-diagnostic'"
2026-06-02 22:37:14,"YESTECH-SK","Executing diagnostic scripts to monitor cookie headers (o100-diag-session)"
2026-06-02 12:07:33,"YESTECH-SK","Merge branch 'feature/resolving-ajax-state'"
2026-06-02 12:07:33,"YESTECH-SK","Executing diagnostic scripts to monitor cookie headers (o100-diag-session)"
2026-06-01 19:35:52,"YESTECH-SK","Merge branch 'feature/refactoring-the-loya'"
2026-06-01 19:35:52,"YESTECH-SK","Resolving AJAX state desynchronization in the product modal popup"
2026-06-01 15:55:01,"YESTECH-SK","Refactoring the loyalty proxy routing to bypass default Woo templates"
2026-06-01 12:27:05,"YESTECH-SK","Merge branch 'feature/tracing-session-id-p' for milestone release"
2026-06-01 12:27:05,"YESTECH-SK","Merge branch 'feature/building-the-product'"
2026-06-01 12:27:05,"YESTECH-SK","Tracing session ID persistence across guest-to-logged-in transitions"
2026-05-31 22:57:44,"YESTECH-SK","Merge branch 'feature/applying-python-patc'"
2026-05-31 22:57:44,"YESTECH-SK","Building the Product Modal UI component for single product pages"
2026-05-31 19:23:58,"YESTECH-SK","Applying Python patches to the referral logic admin dashboard"
2026-05-31 16:46:04,"YESTECH-SK","Merge branch 'feature/diagnosing-php-sessi'"
2026-05-31 16:46:04,"YESTECH-SK","Applying Python patches to the referral logic admin dashboard"
2026-05-31 12:08:45,"YESTECH-SK","Merge branch 'feature/developing-unique-dy'"
2026-05-31 12:08:45,"YESTECH-SK","Diagnosing PHP session handling issues within the Loyalty proxy frontend"
2026-05-28 00:21:08,"YESTECH-SK","Developing unique, dynamic coupon issuance logic for eligible users"
2026-05-27 16:30:33,"YESTECH-SK","Developing unique, dynamic coupon issuance logic for eligible users"
2026-05-27 12:44:24,"YESTECH-SK","Merge branch 'feature/enabling-high-fideli'"
2026-05-27 12:44:24,"YESTECH-SK","Developing unique, dynamic coupon issuance logic for eligible users"
2026-05-27 00:40:25,"YESTECH-SK","Enabling high-fidelity real-time mockups for Advocate Email templates"
2026-05-26 18:13:00,"YESTECH-SK","Merge branch 'feature/integrating-the-camp'"
2026-05-26 18:13:00,"YESTECH-SK","Enabling high-fidelity real-time mockups for Advocate Email templates"
2026-05-26 13:51:02,"YESTECH-SK","Merge branch 'feature/building-the-backend'"
2026-05-26 13:51:02,"YESTECH-SK","Integrating the campaign saving logic to persist custom rules"
2026-05-26 03:11:04,"YESTECH-SK","Building the backend logic for O100_Loyalty_Cron to auto-dispatch rewards"
2026-05-25 20:21:02,"YESTECH-SK","Building the backend logic for O100_Loyalty_Cron to auto-dispatch rewards"
2026-05-25 16:50:35,"YESTECH-SK","Merge branch 'feature/finalizing-the-react'"
2026-05-25 16:50:35,"YESTECH-SK","Building the backend logic for O100_Loyalty_Cron to auto-dispatch rewards"
2026-05-25 13:23:53,"YESTECH-SK","Merge branch 'feature/refactoring-guest-vs'"
2026-05-25 13:23:53,"YESTECH-SK","Finalizing the React-inspired wizard for Monthly Rewards target audience"
2026-05-22 23:12:34,"YESTECH-SK","Merge branch 'hotfix/debugging-the-distan'"
2026-05-22 23:12:34,"YESTECH-SK","Refactoring guest vs logged-in user routing during checkout"
2026-05-22 13:46:26,"YESTECH-SK","Merge branch 'feature/implementing-live-pr'"
2026-05-22 13:46:26,"YESTECH-SK","Debugging the distance-based delivery fee matrix calculation"
2026-05-21 16:44:29,"YESTECH-SK","Merge branch 'feature/writing-ajax-handler'"
2026-05-21 16:44:29,"YESTECH-SK","Implementing live preview mockup for the Advocate Email template"
2026-05-19 23:38:49,"YESTECH-SK","Merge branch 'feature/building-the-react-i'"
2026-05-19 23:38:49,"YESTECH-SK","Writing AJAX handlers for dynamic product addons price calculations"
2026-05-19 16:50:12,"YESTECH-SK","Merge branch 'feature/decoupling-legacy-ex'"
2026-05-19 16:50:12,"YESTECH-SK","Building the React-inspired UI structure for Loyalty Proxy Admin"
2026-05-19 14:43:44,"YESTECH-SK","Merge branch 'feature/syncing-global-prima'"
2026-05-19 14:43:44,"YESTECH-SK","Decoupling legacy ExFood payment gateway hooks from checkout"
2026-05-19 12:21:09,"YESTECH-SK","Merge branch 'feature/handling-ajax-side-c'"
2026-05-19 12:21:09,"YESTECH-SK","Syncing global primary brand colors into the Loyalty UI state"
2026-05-16 01:35:25,"YESTECH-SK","Merge branch 'feature/building-the-conditi'"
2026-05-16 01:35:25,"YESTECH-SK","Handling AJAX side-cart updates without full page reloads"
2026-05-15 23:27:20,"YESTECH-SK","Building the conditional logic engine for Product Addons"
2026-05-15 20:52:25,"YESTECH-SK","Merge branch 'feature/handling-ajax-side-c'"
2026-05-15 20:52:25,"YESTECH-SK","Building the conditional logic engine for Product Addons"
2026-05-15 17:09:52,"YESTECH-SK","Merge branch 'feature/designing-the-react-'"
2026-05-15 17:09:52,"YESTECH-SK","Handling AJAX side-cart updates without full page reloads"
2026-05-15 12:18:30,"YESTECH-SK","Merge branch 'feature/abstracting-the-core'"
2026-05-15 12:18:30,"YESTECH-SK","Designing the React-style floating side-cart UI components"
2026-05-14 02:20:44,"YESTECH-SK","Merge branch 'feature/refactoring-the-lega'"
2026-05-14 02:20:44,"YESTECH-SK","Abstracting the core Reservation/Booking widget logic"
2026-05-13 18:04:04,"YESTECH-SK","Merge branch 'hotfix/debugging-api-key-re'"
2026-05-13 18:04:04,"YESTECH-SK","Refactoring the legacy ExFood delivery fee calculation matrix"
2026-05-13 13:27:40,"YESTECH-SK","Merge branch 'feature/writing-backend-logi'"
2026-05-13 13:27:40,"YESTECH-SK","Debugging API key restrictions for Google Distance Matrix"
2026-05-13 02:09:51,"YESTECH-SK","Writing backend logic to restrict checkout based on delivery radius"
2026-05-12 13:33:16,"YESTECH-SK","Merge branch 'feature/integrating-google-m'"
2026-05-12 13:33:16,"YESTECH-SK","Writing backend logic to restrict checkout based on delivery radius"
2026-05-10 22:19:58,"YESTECH-SK","Integrating Google Maps API for delivery distance calculation"
2026-05-10 16:46:11,"YESTECH-SK","Merge branch 'feature/reservation-function'"
2026-05-10 16:46:11,"YESTECH-SK","Integrating Google Maps API for delivery distance calculation"
2026-05-09 00:11:48,"YESTECH-SK","Merge branch 'feature/testing-branch-speci'"
2026-05-09 00:11:48,"YESTECH-SK","Reservation Function Develop"
2026-05-08 16:42:44,"YESTECH-SK","Merge branch 'feature/simulating-high-late'"
2026-05-08 16:42:44,"YESTECH-SK","Testing branch specific delivery method"
2026-05-08 13:39:30,"YESTECH-SK","Merge branch 'feature/overtime-testing-bra'"
2026-05-08 13:39:30,"YESTECH-SK","Simulating high latency network conditions to test AJAX loading spinner"
2026-05-08 02:29:05,"YESTECH-SK","Merge branch 'feature/checking-that-branch'"
2026-05-08 02:29:05,"YESTECH-SK","Overtime: Testing branch specific pickup methods"
2026-05-07 23:19:20,"YESTECH-SK","Checking that branch-specific minimum order amounts block checkout"
2026-05-07 18:47:15,"YESTECH-SK","Merge branch 'feature/verifying-email-rece'"
2026-05-07 18:47:15,"YESTECH-SK","Checking that branch-specific minimum order amounts block checkout"
2026-05-07 14:34:25,"YESTECH-SK","Merge branch 'feature/resolving-js-console'"
2026-05-07 14:34:25,"YESTECH-SK","Verifying email receipt reflects the chosen branch address and method"
2026-05-05 00:32:33,"YESTECH-SK","Merge branch 'feature/ensuring-next-availa'"
2026-05-05 00:32:33,"YESTECH-SK","Resolving JS console warnings triggered by rapid location switching"
2026-05-04 16:47:24,"YESTECH-SK","Merge branch 'feature/overtime-testing-bra'"
2026-05-04 16:47:24,"YESTECH-SK","Ensuring 'Next Available' time is calculated correctly per branch timezone"
2026-05-04 01:51:17,"YESTECH-SK","Merge branch 'feature/testing-cart-total-r'"
2026-05-04 01:51:17,"YESTECH-SK","Overtime: Testing branch specific pickup methods"
2026-05-03 23:22:55,"YESTECH-SK","Merge branch 'feature/validating-time-slot'"
2026-05-03 23:22:55,"YESTECH-SK","Testing cart total recalculation when switching methods at checkout"
2026-05-03 19:40:24,"YESTECH-SK","Merge branch 'feature/testing-branch-speci'"
2026-05-03 19:40:24,"YESTECH-SK","Validating time-slot generation when branch switches from open to closed"
2026-05-03 15:31:53,"YESTECH-SK","Merge branch 'hotfix/late-evening-coding-'"
2026-05-03 15:31:53,"YESTECH-SK","Testing branch specific pickup methods"
2026-05-01 23:19:19,"YESTECH-SK","Merge branch 'hotfix/fixing-layout-jitter'"
2026-05-01 23:19:19,"YESTECH-SK","Late evening coding: Fixing footer overlap in admin dashboard"
2026-05-01 17:38:42,"YESTECH-SK","Fixing layout jitter when switching between Loyalty tabs"
2026-05-01 14:17:19,"YESTECH-SK","Merge branch 'feature/refactoring-the-reac' for milestone release"
2026-05-01 14:17:19,"YESTECH-SK","Merge branch 'feature/running-automated-ui'"
2026-05-01 14:17:19,"YESTECH-SK","Refactoring the React portal mounting point to avoid DOM conflicts"
2026-04-30 16:49:32,"YESTECH-SK","Running automated UI regression tests on various screen resolutions"
2026-04-30 11:39:48,"YESTECH-SK","Merge branch 'feature/testing-ui-stability'"
2026-04-30 11:39:48,"YESTECH-SK","Running automated UI regression tests on various screen resolutions"
2026-04-29 00:39:14,"YESTECH-SK","Testing UI stability against WordPress 6.5 core updates"
2026-04-28 15:33:47,"YESTECH-SK","Merge branch 'feature/ensuring-the-save-ch'"
2026-04-28 15:33:47,"YESTECH-SK","Testing UI stability against WordPress 6.5 core updates"
2026-04-28 12:47:43,"YESTECH-SK","Merge branch 'hotfix/late-evening-coding-'"
2026-04-28 12:47:43,"YESTECH-SK","Ensuring the 'Save Changes' sticky banner doesn't obscure the footer"
2026-04-28 03:57:10,"YESTECH-SK","Merge branch 'hotfix/debugging-safari-spe'"
2026-04-28 03:57:10,"YESTECH-SK","Late evening coding: Fixing footer overlap in admin dashboard"
2026-04-27 23:04:57,"YESTECH-SK","Merge branch 'hotfix/fixing-layout-jitter'"
2026-04-27 23:04:57,"YESTECH-SK","Debugging Safari-specific flexbox calculation errors"
2026-04-27 18:10:45,"YESTECH-SK","Fixing layout jitter when switching between Loyalty tabs"
2026-04-27 12:19:00,"YESTECH-SK","Merge branch 'feature/resolving-z-index-bl'"
2026-04-27 12:19:00,"YESTECH-SK","Fixing layout jitter when switching between Loyalty tabs"
2026-04-27 02:59:39,"YESTECH-SK","Resolving z-index bleed-through from WordPress admin notices"
2026-04-26 23:23:01,"YESTECH-SK","Merge branch 'feature/refactoring-the-reac'"
2026-04-26 23:23:01,"YESTECH-SK","Resolving z-index bleed-through from WordPress admin notices"
2026-04-26 17:19:52,"YESTECH-SK","Merge branch 'feature/admin-ui-polish-impl'"
2026-04-26 17:19:52,"YESTECH-SK","Refactoring the React portal mounting point to avoid DOM conflicts"
2026-04-26 13:21:08,"YESTECH-SK","Merge branch 'feature/applying-css-media-q'"
2026-04-26 13:21:08,"YESTECH-SK","Admin UI Polish: Implementing a ResizeObserver to dynamically recalculate height"
2026-04-26 00:31:07,"YESTECH-SK","Merge branch 'feature/ensuring-compatibili'"
2026-04-26 00:31:07,"YESTECH-SK","Applying CSS media queries for mobile admin responsiveness"
2026-04-25 21:29:54,"YESTECH-SK","Merge branch 'feature/removing-hardcoded-h'"
2026-04-25 21:29:54,"YESTECH-SK","Ensuring compatibility with the left-hand WP admin menu toggle"
2026-04-25 17:17:15,"YESTECH-SK","Merge branch 'feature/testing-dashboard-he'"
2026-04-25 17:17:15,"YESTECH-SK","Removing hardcoded height values causing the overlap"
2026-04-25 14:07:10,"YESTECH-SK","Merge branch 'feature/resolving-absolute-p'"
2026-04-25 14:07:10,"YESTECH-SK","Testing dashboard height calculation on small laptop screens"
2026-04-24 23:31:05,"YESTECH-SK","Merge branch 'feature/adjusting-css-flexbo'"
2026-04-24 23:31:05,"YESTECH-SK","Resolving absolute positioning issues in the loyalty dashboard"
2026-04-24 19:10:56,"YESTECH-SK","Merge branch 'feature/auditing-z-index-con'"
2026-04-24 19:10:56,"YESTECH-SK","Adjusting CSS flexbox layout to push WP footer downwards"
2026-04-24 16:51:25,"YESTECH-SK","Merge branch 'hotfix/fixing-footer-overla'"
2026-04-24 16:51:25,"YESTECH-SK","Auditing z-index conflicts in the React portal wrapper"
2026-04-24 14:50:44,"YESTECH-SK","Merge branch 'feature/handling-edge-cases-'"
2026-04-24 14:50:44,"YESTECH-SK","Fixing footer overlap in admin dashboard"
2026-04-20 23:25:53,"YESTECH-SK","Handling edge cases for products with 20+ addon groups"
2026-04-20 20:49:38,"YESTECH-SK","Merge branch 'feature/cross-browser-testin'"
2026-04-20 20:49:38,"YESTECH-SK","Handling edge cases for products with 20+ addon groups"
2026-04-20 15:51:43,"YESTECH-SK","Cross-browser testing (Safari iOS vs Chrome Android)"
2026-04-20 11:42:03,"YESTECH-SK","Merge branch 'feature/handling-edge-cases-'"
2026-04-20 11:42:03,"YESTECH-SK","Cross-browser testing (Safari iOS vs Chrome Android)"
2026-04-18 02:09:31,"YESTECH-SK","Merge branch 'feature/cross-browser-testin'"
2026-04-18 02:09:31,"YESTECH-SK","Handling edge cases for products with 20+ addon groups"
2026-04-17 17:44:38,"YESTECH-SK","Merge branch 'feature/refactoring-legacy-e'"
2026-04-17 17:44:38,"YESTECH-SK","Cross-browser testing (Safari iOS vs Chrome Android)"
2026-04-17 13:33:30,"YESTECH-SK","Merge branch 'feature/implementing-require'"
2026-04-17 13:33:30,"YESTECH-SK","Refactoring legacy exfood addon CSS classes to O100"
2026-04-16 23:40:13,"YESTECH-SK","Implementing required field validation and error shaking"
2026-04-16 16:57:40,"YESTECH-SK","Merge branch 'hotfix/fixing-overflowing-t'"
2026-04-16 16:57:40,"YESTECH-SK","Implementing required field validation and error shaking"
2026-04-16 11:49:51,"YESTECH-SK","Merge branch 'feature/developing-real-time'"
2026-04-16 11:49:51,"YESTECH-SK","Fixing overflowing text issues on narrow mobile screens"
2026-04-15 20:49:24,"YESTECH-SK","Merge branch 'feature/styling-radio-button'"
2026-04-15 20:49:24,"YESTECH-SK","Developing real-time total price calculation JS logic"
2026-04-15 17:11:48,"YESTECH-SK","Styling radio buttons, checkboxes, and quantity selectors"
2026-04-15 11:53:08,"YESTECH-SK","Merge branch 'feature/designing-the-css-gr'"
2026-04-15 11:53:08,"YESTECH-SK","Styling radio buttons, checkboxes, and quantity selectors"
2026-04-13 21:35:07,"YESTECH-SK","Designing the CSS grid layout for the base modal wrapper"
2026-04-13 16:37:18,"YESTECH-SK","Merge branch 'feature/syncing-referral-act'"
2026-04-13 16:37:18,"YESTECH-SK","Designing the CSS grid layout for the base modal wrapper"
2026-04-12 16:56:31,"YESTECH-SK","Merge branch 'feature/referral-program-log'"
2026-04-12 16:56:31,"YESTECH-SK","Syncing referral activity logs to the user's loyalty history UI"
2026-04-12 12:37:15,"YESTECH-SK","Merge branch 'feature/modify-the-admin-met'"
2026-04-12 12:37:15,"YESTECH-SK","Referral program logic and tracking"
2026-04-11 00:04:16,"YESTECH-SK","Merge branch 'feature/syncing-referral-act'"
2026-04-11 00:04:16,"YESTECH-SK","Modify the admin metrics dashboard"
2026-04-10 16:46:59,"YESTECH-SK","Merge branch 'feature/modify-automated-ema'"
2026-04-10 16:46:59,"YESTECH-SK","Syncing referral activity logs to the user's loyalty history UI"
2026-04-10 13:50:35,"YESTECH-SK","Merge branch 'feature/referral-program-log'"
2026-04-10 13:50:35,"YESTECH-SK","Modify automated email templates for successful referrals"
2026-04-10 01:34:13,"YESTECH-SK","Merge branch 'feature/syncing-referral-act'"
2026-04-10 01:34:13,"YESTECH-SK","Referral program logic and tracking"
2026-04-09 22:47:20,"YESTECH-SK","Merge branch 'feature/testing-end-to-end-r'"
2026-04-09 22:47:20,"YESTECH-SK","Syncing referral activity logs to the user's loyalty history UI"
2026-04-09 17:53:30,"YESTECH-SK","Testing end-to-end referral flow with multiple simulated users"
2026-04-09 14:36:02,"YESTECH-SK","Merge branch 'feature/implementing-anti-fr'"
2026-04-09 14:36:02,"YESTECH-SK","Testing end-to-end referral flow with multiple simulated users"
2026-04-08 19:59:03,"YESTECH-SK","Implementing anti-fraud rate-limiting on code submissions"
2026-04-08 16:18:20,"YESTECH-SK","Merge branch 'feature/creating-automated-e'"
2026-04-08 16:18:20,"YESTECH-SK","Implementing anti-fraud rate-limiting on code submissions"
2026-04-08 12:42:42,"YESTECH-SK","Merge branch 'feature/building-the-admin-m'"
2026-04-08 12:42:42,"YESTECH-SK","Creating automated email templates for successful referrals"
2026-04-07 17:05:37,"YESTECH-SK","Merge branch 'feature/revoking-advocate-re'"
2026-04-07 17:05:37,"YESTECH-SK","Building the admin metrics dashboard (Total Referrals, Earned)"
2026-04-07 14:47:35,"YESTECH-SK","Merge branch 'feature/hooking-checkout-ord'"
2026-04-07 14:47:35,"YESTECH-SK","Revoking Advocate rewards if the Friend's order is refunded"
2026-04-07 01:48:01,"YESTECH-SK","Merge branch 'feature/integrating-referral'"
2026-04-07 01:48:01,"YESTECH-SK","Hooking 'checkout_order_processed' to attribute sales"
2026-04-06 17:14:31,"YESTECH-SK","Merge branch 'feature/handling-edge-cases-'"
2026-04-06 17:14:31,"YESTECH-SK","Integrating referral code input field in the checkout flow"
2026-04-06 13:57:13,"YESTECH-SK","Merge branch 'feature/defining-the-rules-f'"
2026-04-06 13:57:13,"YESTECH-SK","Handling edge cases (e.g., users referring themselves)"
2026-04-06 02:08:09,"YESTECH-SK","Defining the rules for 'Friend Reward' vs 'Advocate Reward'"
2026-04-05 17:06:20,"YESTECH-SK","Merge branch 'feature/writing-the-logic-to'"
2026-04-05 17:06:20,"YESTECH-SK","Defining the rules for 'Friend Reward' vs 'Advocate Reward'"
2026-04-05 13:37:05,"YESTECH-SK","Writing the logic to attribute guest orders to referrers"
2026-04-03 22:22:06,"YESTECH-SK","Merge branch 'feature/validating-url-expir'"
2026-04-03 22:22:06,"YESTECH-SK","Writing the logic to attribute guest orders to referrers"
2026-04-02 23:27:30,"YESTECH-SK","Validating URL expiration boundaries across timezones"
2026-04-02 17:20:50,"YESTECH-SK","Validating URL expiration boundaries across timezones"
2026-04-02 11:39:37,"YESTECH-SK","Merge branch 'feature/integrating-qr-code-' for milestone release"
2026-04-02 11:39:37,"YESTECH-SK","Integrating QR code generator for the promotional links"
2026-03-31 20:43:20,"YESTECH-SK","Merge branch 'feature/removing-url-paramet'"
2026-03-31 20:43:20,"YESTECH-SK","Integrating QR code generator for the promotional links"
2026-03-31 17:12:47,"YESTECH-SK","Removing URL parameters from browser history post-apply"
2026-03-31 00:42:00,"YESTECH-SK","Merge branch 'feature/handling-cart-total-'"
2026-03-31 00:42:00,"YESTECH-SK","Removing URL parameters from browser history post-apply"
2026-03-30 16:43:30,"YESTECH-SK","Merge branch 'feature/testing-url-applicat'"
2026-03-30 16:43:30,"YESTECH-SK","Handling cart total recalculation via AJAX after URL apply"
2026-03-29 20:34:35,"YESTECH-SK","Merge branch 'feature/adding-success-error'"
2026-03-29 20:34:35,"YESTECH-SK","Testing URL application with Guest vs Logged-In roles"
2026-03-29 16:52:22,"YESTECH-SK","Adding success/error toast notifications on link click"
2026-03-29 13:02:31,"YESTECH-SK","Merge branch 'feature/focus-time-url-coupo'"
2026-03-29 13:02:31,"YESTECH-SK","Adding success/error toast notifications on link click"
2026-03-27 02:31:36,"YESTECH-SK","Merge branch 'hotfix/resolving-cart-total'"
2026-03-27 02:31:36,"YESTECH-SK","Focus time: URL coupon generation and validation logic"
2026-03-26 22:44:05,"YESTECH-SK","Merge branch 'feature/integrating-url-logi'"
2026-03-26 22:44:05,"YESTECH-SK","Resolving cart total calculation bugs when URL coupon is applied"
2026-03-26 17:49:57,"YESTECH-SK","Integrating URL logic with the Loyalty campaign creator"
2026-03-26 13:14:02,"YESTECH-SK","Merge branch 'feature/testing-url-paramete'"
2026-03-26 13:14:02,"YESTECH-SK","Integrating URL logic with the Loyalty campaign creator"
2026-03-25 22:45:07,"YESTECH-SK","Merge branch 'feature/building-the-admin-u'"
2026-03-25 22:45:07,"YESTECH-SK","Testing URL parameters parsing and security sanitization"
2026-03-25 15:06:56,"YESTECH-SK","Merge branch 'feature/handling-edge-cases-'"
2026-03-25 15:06:56,"YESTECH-SK","Building the admin UI to generate unique promotion links"
2026-03-25 11:39:13,"YESTECH-SK","Merge branch 'feature/auto-applying-the-se'"
2026-03-25 11:39:13,"YESTECH-SK","Handling edge cases for expired or fully-redeemed URL links"
2026-03-24 23:14:16,"YESTECH-SK","Auto-applying the session coupon during WooCommerce checkout"
2026-03-24 13:56:32,"YESTECH-SK","Merge branch 'feature/storing-validated-co'"
2026-03-24 13:56:32,"YESTECH-SK","Auto-applying the session coupon during WooCommerce checkout"
2026-03-24 11:53:43,"YESTECH-SK","Storing validated coupon codes securely in user session/cookies"
2026-03-24 01:48:06,"YESTECH-SK","Merge branch 'feature/developing-the-url-i'"
2026-03-24 01:48:06,"YESTECH-SK","Storing validated coupon codes securely in user session/cookies"
2026-03-23 17:44:11,"YESTECH-SK","Merge branch 'feature/url-coupon-generatio'"
2026-03-23 17:44:11,"YESTECH-SK","Developing the URL interceptor and listener on wp_init"
2026-03-23 12:10:46,"YESTECH-SK","Merge branch 'feature/validating-coupon-ex'"
2026-03-23 12:10:46,"YESTECH-SK","URL coupon generation and validation logic"
2026-03-22 01:20:22,"YESTECH-SK","Merge branch 'feature/monthly-recurring-re'"
2026-03-22 01:20:22,"YESTECH-SK","Validating coupon expiration dates based on campaign rules"
2026-03-21 16:56:24,"YESTECH-SK","Merge branch 'feature/optimizing-memory-us'"
2026-03-21 16:56:24,"YESTECH-SK","Monthly recurring rewards WP-Cron setup"
2026-03-21 14:36:22,"YESTECH-SK","Merge branch 'feature/late-evening-coding-'"
2026-03-21 14:36:22,"YESTECH-SK","Optimizing memory usage when processing 10,000+ users"
2026-03-20 01:18:08,"YESTECH-SK","Merge branch 'hotfix/debugging-staging-se'"
2026-03-20 01:18:08,"YESTECH-SK","Late evening coding: Monthly recurring rewards WP-Cron setup"
2026-03-19 17:20:12,"YESTECH-SK","Debugging staging server memory limit exhaustion during cron"
2026-03-19 12:18:56,"YESTECH-SK","Merge branch 'feature/ensuring-backward-co'"
2026-03-19 12:18:56,"YESTECH-SK","Debugging staging server memory limit exhaustion during cron"
2026-03-18 02:20:11,"YESTECH-SK","Merge branch 'feature/validating-coupon-ex'"
2026-03-18 02:20:11,"YESTECH-SK","Ensuring backward compatibility with manual coupons"
2026-03-17 22:40:59,"YESTECH-SK","Merge branch 'feature/optimizing-memory-us'"
2026-03-17 22:40:59,"YESTECH-SK","Validating coupon expiration dates based on campaign rules"
2026-03-17 18:10:58,"YESTECH-SK","Merge branch 'feature/writing-phpunit-test'"
2026-03-17 18:10:58,"YESTECH-SK","Optimizing memory usage when processing 10,000+ users"
2026-03-17 16:21:41,"YESTECH-SK","Writing PHPUnit tests for the reward dispatching service"
2026-03-17 13:59:36,"YESTECH-SK","Writing PHPUnit tests for the reward dispatching service"
2026-03-17 11:41:03,"YESTECH-SK","Merge branch 'feature/focus-time-monthly-r'"
2026-03-17 11:41:03,"YESTECH-SK","Writing PHPUnit tests for the reward dispatching service"
2026-03-17 01:49:14,"YESTECH-SK","Merge branch 'feature/handling-timezone-di'"
2026-03-17 01:49:14,"YESTECH-SK","Focus time: Monthly recurring rewards WP-Cron setup"
2026-03-17 00:32:41,"YESTECH-SK","Handling timezone differences for the 1st of the month trigger"
2026-03-16 20:23:48,"YESTECH-SK","Merge branch 'feature/refactoring-coupon-g'"
2026-03-16 20:23:48,"YESTECH-SK","Handling timezone differences for the 1st of the month trigger"
2026-03-16 16:57:30,"YESTECH-SK","Merge branch 'feature/connecting-cron-logi'"
2026-03-16 16:57:30,"YESTECH-SK","Refactoring coupon generation to use unique hash strings"
2026-03-16 12:08:29,"YESTECH-SK","Merge branch 'feature/implementing-retry-m'"
2026-03-16 12:08:29,"YESTECH-SK","Connecting cron logic to the Loyalty Proxy Admin settings"
2026-03-15 13:24:25,"YESTECH-SK","Implementing retry mechanism for failed cron executions"
2026-03-15 11:37:16,"YESTECH-SK","Merge branch 'hotfix/bug-fix-monthly-recu'"
2026-03-15 11:37:16,"YESTECH-SK","Implementing retry mechanism for failed cron executions"
2026-03-15 01:55:17,"YESTECH-SK","Merge branch 'hotfix/logging-cron-job-out'"
2026-03-15 01:55:17,"YESTECH-SK","Bug fix Monthly recurring rewards"
2026-03-14 20:41:25,"YESTECH-SK","Merge branch 'feature/testing-cron-executi'"
2026-03-14 20:41:25,"YESTECH-SK","Logging cron job output for debugging purposes"
2026-03-14 17:41:43,"YESTECH-SK","Merge branch 'feature/preventing-duplicate'"
2026-03-14 17:41:43,"YESTECH-SK","Testing cron execution in local environment"
2026-03-14 16:20:20,"YESTECH-SK","Merge branch 'feature/developing-the-uniqu'"
2026-03-14 16:20:20,"YESTECH-SK","Preventing duplicate reward issuance via user meta tags"
2026-03-14 13:46:13,"YESTECH-SK","Merge branch 'hotfix/urgent-fixes-monthly'"
2026-03-14 13:46:13,"YESTECH-SK","Developing the unique coupon auto-generation script"
2026-03-14 01:30:18,"YESTECH-SK","Merge branch 'feature/writing-sql-queries-'"
2026-03-14 01:30:18,"YESTECH-SK","Urgent fixes: Monthly recurring rewards WP-Cron setup"
2026-03-13 21:04:10,"YESTECH-SK","Merge branch 'feature/monthly-recurring-re'"
2026-03-13 21:04:10,"YESTECH-SK","Writing SQL queries to fetch eligible target audiences"
2026-03-13 17:07:37,"YESTECH-SK","Merge branch 'feature/registering-the-o100'"
2026-03-13 17:07:37,"YESTECH-SK","Monthly recurring rewards WP-Cron setup"
2026-03-13 16:18:13,"YESTECH-SK","Merge branch 'feature/designing-the-wp-cro'"
2026-03-13 16:18:13,"YESTECH-SK","Registering the 'O100_Loyalty_Cron' background hook"
2026-03-13 12:25:50,"YESTECH-SK","Merge branch 'hotfix/loyalty-module-bug-f'"
2026-03-13 12:25:50,"YESTECH-SK","Designing the WP-Cron schedule interval logic"
2026-03-13 00:44:53,"YESTECH-SK","Loyalty module bug fix"
2026-03-12 21:46:41,"YESTECH-SK","Merge branch 'feature/loyalty-proxy-admin-'"
2026-03-12 21:46:41,"YESTECH-SK","Loyalty module bug fix"
2026-03-12 17:49:13,"YESTECH-SK","Merge branch 'feature/handling-dynamic-for'"
2026-03-12 17:49:13,"YESTECH-SK","Loyalty Proxy Admin global settings integration"
2026-03-12 14:14:43,"YESTECH-SK","Merge branch 'feature/loyalty-proxy-admin-'"
2026-03-12 14:14:43,"YESTECH-SK","Handling dynamic form field serialization"
2026-03-12 11:45:28,"YESTECH-SK","Merge branch 'feature/standardizing-error-'"
2026-03-12 11:45:28,"YESTECH-SK","Loyalty Proxy Admin global settings integration"
2026-03-12 00:58:26,"YESTECH-SK","Standardizing error handling and success toasts"
2026-03-11 17:34:30,"YESTECH-SK","Merge branch 'feature/retrieving-and-hydra'"
2026-03-11 17:34:30,"YESTECH-SK","Standardizing error handling and success toasts"
2026-03-11 16:13:18,"YESTECH-SK","Merge branch 'feature/handling-dynamic-for'"
2026-03-11 16:13:18,"YESTECH-SK","Retrieving and hydrating global promo rules on page load"
2026-03-11 12:36:25,"YESTECH-SK","Merge branch 'feature/integrating-wp-nonce'"
2026-03-11 12:36:25,"YESTECH-SK","Handling dynamic form field serialization"
2026-03-08 23:49:41,"YESTECH-SK","Merge branch 'feature/creating-secure-ajax'"
2026-03-08 23:49:41,"YESTECH-SK","Integrating WP Nonce validation for admin saves"
2026-03-08 14:20:20,"YESTECH-SK","Merge branch 'feature/mapping-react-state-'"
2026-03-08 14:20:20,"YESTECH-SK","Creating secure AJAX endpoints for saving configurations"
2026-03-08 11:23:57,"YESTECH-SK","Merge branch 'feature/loyalty-frontend-pan'"
2026-03-08 11:23:57,"YESTECH-SK","Mapping React state to wp_options schema"
2026-03-06 16:41:19,"YESTECH-SK","Merge branch 'feature/connecting-dynamic-v'"
2026-03-06 16:41:19,"YESTECH-SK","Loyalty frontend panel settings"
2026-03-06 13:52:12,"YESTECH-SK","Merge branch 'feature/abstracting-template'"
2026-03-06 13:52:12,"YESTECH-SK","Connecting dynamic variables (e.g. {coupon_code}) to previews"
2026-03-06 01:22:25,"YESTECH-SK","Merge branch 'feature/connecting-dynamic-v'"
2026-03-06 01:22:25,"YESTECH-SK","Abstracting template components for reuse in admin UI"
2026-03-05 16:37:13,"YESTECH-SK","Merge branch 'feature/designing-the-underl'"
2026-03-05 16:37:13,"YESTECH-SK","Connecting dynamic variables (e.g. {coupon_code}) to previews"
2026-03-04 11:28:59,"YESTECH-SK","Merge branch 'feature/connecting-the-front'"
2026-03-04 11:28:59,"YESTECH-SK","Designing the underlying JSON schema for campaign rules"
2026-03-02 23:34:43,"YESTECH-SK","Connecting the frontend state to the backend saving logic"
2026-03-02 17:55:56,"YESTECH-SK","Merge branch 'feature/setting-up-expiratio'"
2026-03-02 17:55:56,"YESTECH-SK","Connecting the frontend state to the backend saving logic"
2026-03-02 14:44:11,"YESTECH-SK","Setting up expiration date and usage limit inputs"
2026-03-02 11:23:38,"YESTECH-SK","Merge branch 'feature/setting-up-expiratio' for milestone release"
2026-03-02 11:23:38,"YESTECH-SK","Merge branch 'feature/developing-the-targe'"
2026-03-02 11:23:38,"YESTECH-SK","Setting up expiration date and usage limit inputs"
2026-02-27 22:23:49,"YESTECH-SK","Merge branch 'feature/handling-state-trans'"
2026-02-27 22:23:49,"YESTECH-SK","Developing the 'Target Audience' selection dropdown logic"
2026-02-27 17:10:28,"YESTECH-SK","Merge branch 'feature/integrating-url-coup'"
2026-02-27 17:10:28,"YESTECH-SK","Handling state transitions between campaign types"
2026-02-27 12:13:03,"YESTECH-SK","Merge branch 'feature/overtime-loyalty-pro'"
2026-02-27 12:13:03,"YESTECH-SK","Integrating URL coupon code generation fields"
2026-02-26 22:46:06,"YESTECH-SK","Merge branch 'feature/integrating-wp-nonce'"
2026-02-26 22:46:06,"YESTECH-SK","Overtime: Loyalty Proxy Admin React-inspired UI structure"
2026-02-26 19:59:40,"YESTECH-SK","Merge branch 'feature/building-the-monthly'"
2026-02-26 19:59:40,"YESTECH-SK","Integrating WP nonce and AJAX save endpoints for campaigns"
2026-02-26 16:43:03,"YESTECH-SK","Merge branch 'feature/developing-the-condi'"
2026-02-26 16:43:03,"YESTECH-SK","Building the Monthly Recurring Rewards configuration wizard"
2026-02-26 12:10:01,"YESTECH-SK","Merge branch 'feature/discount-rules-react'"
2026-02-26 12:10:01,"YESTECH-SK","Developing the condition builder (Cart subtotal vs Item count)"
2026-02-25 22:09:18,"YESTECH-SK","Discount Rules UI: Prototyping the BOGO and Percentage discount toggles"
2026-02-25 12:04:20,"YESTECH-SK","Merge branch 'feature/building-the-monthly'"
2026-02-25 12:04:20,"YESTECH-SK","Discount Rules React-inspired UI structure"
2026-02-24 22:43:03,"YESTECH-SK","Merge branch 'feature/sanitizing-wordpress'"
2026-02-24 22:43:03,"YESTECH-SK","Building the Monthly Recurring Rewards configuration wizard"
2026-02-24 17:43:16,"YESTECH-SK","Sanitizing WordPress focus styles to prevent UI leakage"
2026-02-24 14:25:35,"YESTECH-SK","Merge branch 'feature/syncing-global-prima'"
2026-02-24 14:25:35,"YESTECH-SK","Sanitizing WordPress focus styles to prevent UI leakage"
2026-02-24 11:55:34,"YESTECH-SK","Syncing global primary brand colors into the UI state"
2026-02-24 01:07:07,"YESTECH-SK","Merge branch 'feature/resolving-footer-ove'"
2026-02-24 01:07:07,"YESTECH-SK","Syncing global primary brand colors into the UI state"
2026-02-23 22:34:50,"YESTECH-SK","Resolving footer overlap issue in the WordPress dashboard"
2026-02-23 17:50:06,"YESTECH-SK","Merge branch 'feature/implementing-live-pr'"
2026-02-23 17:50:06,"YESTECH-SK","Resolving footer overlap issue in the WordPress dashboard"
2026-02-23 12:20:44,"YESTECH-SK","Implementing live preview mockup for Advocate Email"
2026-02-22 22:57:46,"YESTECH-SK","Merge branch 'feature/setting-up-the-react'"
2026-02-22 22:57:46,"YESTECH-SK","Implementing live preview mockup for Advocate Email"
2026-02-22 20:06:06,"YESTECH-SK","Setting up the React-inspired container and tab navigation"
2026-02-22 17:10:45,"YESTECH-SK","Merge branch 'feature/loyalty-proxy-admin-'"
2026-02-22 17:10:45,"YESTECH-SK","Setting up the React-inspired container and tab navigation"
2026-02-22 16:02:43,"YESTECH-SK","Loyalty Proxy Admin React-inspired UI structure"
2026-02-22 11:04:02,"YESTECH-SK","Merge branch 'feature/decoupling-legacy-co'"
2026-02-22 11:04:02,"YESTECH-SK","Loyalty Proxy Admin React-inspired UI structure"
2026-02-20 23:18:00,"YESTECH-SK","Merge branch 'feature/standardizing-the-br'"
2026-02-20 23:18:00,"YESTECH-SK","Decoupling legacy code from class-o100-settings.php"
2026-02-20 20:06:58,"YESTECH-SK","Standardizing the branch management interface responsiveness"
2026-02-20 17:37:50,"YESTECH-SK","Merge branch 'feature/optimizing-db-querie'"
2026-02-20 17:37:50,"YESTECH-SK","Standardizing the branch management interface responsiveness"
2026-02-20 12:06:27,"YESTECH-SK","Merge branch 'hotfix/bug-fixes-order100-b'"
2026-02-20 12:06:27,"YESTECH-SK","Optimizing DB queries for multi-branch schedule checks"
2026-02-19 21:54:39,"YESTECH-SK","Merge branch 'feature/handling-edge-cases-'"
2026-02-19 21:54:39,"YESTECH-SK","Bug fixes: Order100 branch schedule inheritance logic"
2026-02-19 14:22:30,"YESTECH-SK","Handling edge cases when global schedule is disabled"
2026-02-19 11:25:04,"YESTECH-SK","Merge branch 'feature/validating-end-to-en'"
2026-02-19 11:25:04,"YESTECH-SK","Handling edge cases when global schedule is disabled"
2026-02-18 21:14:18,"YESTECH-SK","Validating end-to-end configuration saving flow"
2026-02-18 17:16:13,"YESTECH-SK","Merge branch 'feature/decoupling-legacy-co'"
2026-02-18 17:16:13,"YESTECH-SK","Validating end-to-end configuration saving flow"
2026-02-18 14:16:18,"YESTECH-SK","Decoupling legacy code from class-o100-settings.php"
2026-02-18 11:40:30,"YESTECH-SK","Merge branch 'feature/resolving-no-methods'"
2026-02-18 11:40:30,"YESTECH-SK","Decoupling legacy code from class-o100-settings.php"
2026-02-17 22:31:06,"YESTECH-SK","Merge branch 'feature/order100-global-sche'"
2026-02-17 22:31:06,"YESTECH-SK","Resolving ''No Methods'' false positives in frontend"
2026-02-15 00:55:41,"YESTECH-SK","Merge branch 'feature/order100-branch-sche'"
2026-02-15 00:55:41,"YESTECH-SK","Order100 global schedule logic"
2026-02-14 21:55:21,"YESTECH-SK","Order100 branch schedule inheritance logic"
2026-02-14 13:55:11,"YESTECH-SK","Merge branch 'hotfix/urgent-fixes-order10'"
2026-02-14 13:55:11,"YESTECH-SK","Order100 branch schedule inheritance logic"
2026-02-14 01:00:33,"YESTECH-SK","Merge branch 'feature/order100-branch-sche'"
2026-02-14 01:00:33,"YESTECH-SK","Urgent fixes: Order100 branch schedule inheritance logic"
2026-02-13 22:22:40,"YESTECH-SK","Order100 branch schedule inheritance logic"
2026-02-13 18:54:26,"YESTECH-SK","Order100 branch schedule inheritance logic"
2026-02-13 16:32:20,"YESTECH-SK","Order100 branch schedule inheritance logic"
2026-02-13 12:20:54,"YESTECH-SK","Merge branch 'feature/focus-time-order100-'"
2026-02-13 12:20:54,"YESTECH-SK","Order100 branch schedule inheritance logic"
2026-02-12 00:32:01,"YESTECH-SK","Merge branch 'feature/order100-branch-sche'"
2026-02-12 00:32:01,"YESTECH-SK","Focus time: Order100 branch schedule inheritance logic"
2026-02-11 20:52:28,"YESTECH-SK","Order100 branch schedule inheritance logic"
2026-02-11 16:37:33,"YESTECH-SK","Order100 branch schedule inheritance logic"
2026-02-11 12:28:05,"YESTECH-SK","Merge branch 'feature/api-endpoint-optimiz'"
2026-02-11 12:28:05,"YESTECH-SK","Order100 branch schedule inheritance logic"
2026-02-10 17:07:01,"YESTECH-SK","API endpoint optimization for mobile clients"
2026-02-10 12:38:10,"YESTECH-SK","API endpoint optimization for mobile clients"
2026-02-09 12:12:00,"YESTECH-SK","API endpoint optimization for mobile clients"
2026-02-08 17:52:39,"YESTECH-SK","API endpoint optimization for mobile clients"
2026-02-08 12:51:04,"YESTECH-SK","Merge branch 'feature/api-endpoint-securin'"
2026-02-08 12:51:04,"YESTECH-SK","API endpoint optimization for mobile clients"
2026-02-07 19:15:34,"YESTECH-SK","Merge branch 'feature/api-endpoint-impleme'"
2026-02-07 19:15:34,"YESTECH-SK","API endpoint: Securing endpoints with nonce validation"
2026-02-07 16:26:11,"YESTECH-SK","API endpoint: Implementing pagination for large order histories"
2026-02-07 12:29:08,"YESTECH-SK","Merge branch 'feature/focus-time-api-endpo'"
2026-02-07 12:29:08,"YESTECH-SK","API endpoint: Implementing pagination for large order histories"
2026-02-06 22:52:24,"YESTECH-SK","Merge branch 'feature/api-endpoint-optimiz'"
2026-02-06 22:52:24,"YESTECH-SK","Focus time: API endpoint optimization for mobile clients(Code review and optimization)"
2026-02-06 17:51:08,"YESTECH-SK","API endpoint optimization for mobile clients(Code review and optimization)"
2026-02-06 14:40:28,"YESTECH-SK","API endpoint optimization for mobile clients(Debugging and troubleshooting)"
2026-02-05 16:53:17,"YESTECH-SK","API endpoint optimization for mobile clients(Debugging and troubleshooting)"
2026-02-05 11:41:42,"YESTECH-SK","API endpoint optimization for mobile clients(Debugging and troubleshooting)"
2026-02-04 17:16:00,"YESTECH-SK","API endpoint optimization for mobile clients(Unit testing)"
2026-02-04 14:04:33,"YESTECH-SK","Merge branch 'feature/api-endpoint-impleme'"
2026-02-04 14:04:33,"YESTECH-SK","API endpoint optimization for mobile clients(Unit testing)"
2026-02-04 11:02:24,"YESTECH-SK","Merge branch 'feature/api-endpoint-refacto'"
2026-02-04 11:02:24,"YESTECH-SK","API endpoint: Implementing Redis caching layer for menu load"
2026-02-03 12:14:59,"YESTECH-SK","Merge branch 'feature/api-endpoint-profili'"
2026-02-03 12:14:59,"YESTECH-SK","API endpoint: Refactoring legacy GET /locations routing"
2026-02-02 16:48:35,"YESTECH-SK","Merge branch 'feature/api-endpoint-optimiz'"
2026-02-02 16:48:35,"YESTECH-SK","API endpoint: Profiling mobile endpoint latency under load"
2026-02-02 14:00:37,"YESTECH-SK","API endpoint optimization for mobile clients(Integration testing)"
2026-02-02 11:21:24,"YESTECH-SK","API endpoint optimization for mobile clients(Integration testing)"
2026-02-01 21:53:35,"YESTECH-SK","API endpoint optimization for mobile clients(Core logic implementation)"
2026-02-01 15:12:21,"YESTECH-SK","API endpoint optimization for mobile clients(Core logic implementation)"
2026-02-01 11:15:17,"YESTECH-SK","Merge branch 'feature/api-endpoint-optimiz' for milestone release"
2026-02-01 11:15:17,"YESTECH-SK","Merge branch 'feature/checkout-restoration'"
2026-02-01 11:15:17,"YESTECH-SK","API endpoint optimization for mobile clients(Core logic implementation)"
2026-01-31 12:50:13,"YESTECH-SK","Checkout restoration: Debugging edge cases in pickup method routing"
2026-01-30 21:57:10,"YESTECH-SK","Checkout restoration: Debugging edge cases in pickup method routing"
2026-01-30 11:57:20,"YESTECH-SK","Checkout restoration and decoupling legacy code"
2026-01-29 21:15:13,"YESTECH-SK","Checkout restoration: Debugging edge cases in pickup method routing"
2026-01-29 14:40:53,"YESTECH-SK","Checkout restoration: Auditing and removing legacy ExFood dependencies"
2026-01-29 11:56:22,"YESTECH-SK","Merge branch 'feature/focus-time-checkout-'"
2026-01-29 11:56:22,"YESTECH-SK","Checkout restoration: Auditing and removing legacy ExFood dependencies"
2026-01-28 17:49:35,"YESTECH-SK","Merge branch 'feature/checkout-restoration'"
2026-01-28 17:49:35,"YESTECH-SK","Focus time: Checkout restoration and decoupling legacy code"
2026-01-28 12:44:51,"YESTECH-SK","Checkout restoration and decoupling legacy code"
2026-01-27 22:04:16,"YESTECH-SK","Checkout restoration: Debugging edge cases in pickup method routing"
2026-01-27 17:53:20,"YESTECH-SK","Checkout restoration: End-to-end regression validation for checkout flow"
2026-01-27 15:44:07,"YESTECH-SK","Checkout restoration: End-to-end regression validation for checkout flow"
2026-01-27 12:36:38,"YESTECH-SK","Checkout restoration and decoupling legacy code"
2026-01-26 23:06:07,"YESTECH-SK","Checkout restoration and decoupling legacy code"
2026-01-26 18:13:32,"YESTECH-SK","Checkout restoration: Consolidating configuration into O100_Public"
2026-01-26 14:58:55,"YESTECH-SK","Checkout restoration: Cleaning up redundant database option fields"
2026-01-26 12:23:34,"YESTECH-SK","Checkout restoration: Refactoring guest vs logged-in user routing"
2026-01-25 23:25:59,"YESTECH-SK","Checkout restoration: Resolving performance latency and 10-second delay"
2026-01-25 20:19:19,"YESTECH-SK","Checkout restoration: Managing UI state for delivery timeslot selectors"
2026-01-25 17:52:37,"YESTECH-SK","Checkout restoration: Decoupling WooCommerce payment gateway hooks"
2026-01-25 16:19:43,"YESTECH-SK","Checkout restoration: Rewriting core order submission AJAX handler"
2026-01-25 12:03:36,"YESTECH-SK","Merge branch 'hotfix/urgent-fixes-checkou'"
2026-01-25 12:03:36,"YESTECH-SK","Checkout restoration and decoupling legacy code"
2026-01-24 22:56:07,"YESTECH-SK","Merge branch 'feature/checkout-restoration'"
2026-01-24 22:56:07,"YESTECH-SK","Urgent fixes: Checkout restoration and decoupling legacy code"
2026-01-24 17:43:44,"YESTECH-SK","Checkout restoration and decoupling legacy code"
2026-01-24 12:27:50,"YESTECH-SK","Checkout restoration and decoupling legacy code"
2026-01-23 21:55:46,"YESTECH-SK","Checkout restoration and decoupling legacy code"
2026-01-23 16:46:22,"YESTECH-SK","Merge branch 'feature/technical-documentat'"
2026-01-23 16:46:22,"YESTECH-SK","Checkout restoration: Auditing and safely removing legacy ExFood hooks"
2026-01-23 12:43:08,"YESTECH-SK","Merge branch 'feature/late-evening-coding-'"
2026-01-23 12:43:08,"YESTECH-SK","Technical documentation for webhook integrations"
2026-01-23 02:04:07,"YESTECH-SK","Merge branch 'feature/establishing-code-fo'"
2026-01-23 02:04:07,"YESTECH-SK","Late evening coding: Checkout restoration and decoupling legacy code"
2026-01-22 22:19:57,"YESTECH-SK","Merge branch 'feature/architecture-plannin'"
2026-01-22 22:19:57,"YESTECH-SK","Establishing code formatting and linting standards"
2026-01-22 17:26:28,"YESTECH-SK","Architecture planning: Reviewing security and nonce validation strategies"
2026-01-22 12:54:42,"YESTECH-SK","Architecture planning: Designing WP-Cron intervals for monthly rewards"
2026-01-21 23:54:09,"YESTECH-SK","Architecture planning: Evaluating third-party dependencies for Phase 2"
2026-01-21 21:31:58,"YESTECH-SK","Merge branch 'feature/mocking-up-data-flow'"
2026-01-21 21:31:58,"YESTECH-SK","Architecture planning: Evaluating third-party dependencies for Phase 2"
2026-01-21 17:23:10,"YESTECH-SK","Merge branch 'feature/architecture-plannin'"
2026-01-21 17:23:10,"YESTECH-SK","Mocking up data flow for URL coupons validation"
2026-01-21 14:19:31,"YESTECH-SK","Architecture planning: Structuring React-based Loyalty Proxy Admin"
2026-01-20 22:46:58,"YESTECH-SK","Merge branch 'feature/defining-rest-api-pa'"
2026-01-20 22:46:58,"YESTECH-SK","Architecture planning: Defining REST API payloads for mobile sync"
2026-01-20 16:50:30,"YESTECH-SK","Merge branch 'feature/designing-global-vs-'"
2026-01-20 16:50:30,"YESTECH-SK","Defining REST API payloads for mobile sync"
2026-01-20 12:53:21,"YESTECH-SK","Designing global vs branch override inheritance flow"
2026-01-19 23:14:04,"YESTECH-SK","Merge branch 'feature/designing-the-wp-cro'"
2026-01-19 23:14:04,"YESTECH-SK","Designing global vs branch override inheritance flow"
2026-01-19 17:31:47,"YESTECH-SK","Designing the WP-Cron job queuing system architecture"
2026-01-19 13:05:54,"YESTECH-SK","Merge branch 'feature/creating-class-diagr'"
2026-01-19 13:05:54,"YESTECH-SK","Designing the WP-Cron job queuing system architecture"
2026-01-17 22:20:13,"YESTECH-SK","Merge branch 'feature/researching-caching-'"
2026-01-17 22:20:13,"YESTECH-SK","Creating class diagrams for the core Loyalty engine"
2026-01-17 17:37:32,"YESTECH-SK","Merge branch 'feature/defining-data-models'"
2026-01-17 17:37:32,"YESTECH-SK","Researching caching strategies for fast menu rendering"
2026-01-17 16:27:49,"YESTECH-SK","Defining data models for the new Product Addons system"
2026-01-17 12:34:49,"YESTECH-SK","Merge branch 'feature/drafting-checkout-fl'"
2026-01-17 12:34:49,"YESTECH-SK","Defining data models for the new Product Addons system"
2026-01-16 20:07:38,"YESTECH-SK","Drafting checkout flow state machines"
2026-01-16 12:19:26,"YESTECH-SK","Merge branch 'feature/prototyping-inherita'"
2026-01-16 12:19:26,"YESTECH-SK","Drafting checkout flow state machines"
2026-01-15 20:29:46,"YESTECH-SK","Merge branch 'feature/evaluating-database-'"
2026-01-15 20:29:46,"YESTECH-SK","Prototyping inheritance logic for global vs local settings"
2026-01-14 22:26:48,"YESTECH-SK","Merge branch 'feature/designing-modular-fo'"
2026-01-14 22:26:48,"YESTECH-SK","Evaluating database migration paths from Phase 1"
2026-01-14 17:39:46,"YESTECH-SK","Designing modular folder structure for Phase 2 components"
2026-01-14 12:24:31,"YESTECH-SK","Merge branch 'feature/assessing-legacy-mon'"
2026-01-14 12:24:31,"YESTECH-SK","Designing modular folder structure for Phase 2 components"
2026-01-13 21:38:40,"YESTECH-SK","Assessing legacy monolithic codebase structure"
2026-01-13 17:14:15,"YESTECH-SK","Merge branch 'feature/competitor-analysis-'"
2026-01-13 17:14:15,"YESTECH-SK","Assessing legacy monolithic codebase structure"
2026-01-13 14:36:10,"YESTECH-SK","Competitor analysis on branch schedule management"
2026-01-13 11:42:26,"YESTECH-SK","Merge branch 'feature/feasibility-study-on'"
2026-01-13 11:42:26,"YESTECH-SK","Competitor analysis on branch schedule management"
2026-01-12 21:14:50,"YESTECH-SK","Merge branch 'feature/defining-core-featur'"
2026-01-12 21:14:50,"YESTECH-SK","Feasibility study on decoupling legacy ExFood codebase"
2026-01-12 17:05:48,"YESTECH-SK","Defining core features for Phase 2 MVP"
2026-01-12 13:06:52,"YESTECH-SK","Defining core features for Phase 2 MVP"
2026-01-11 14:27:30,"YESTECH-SK","Merge branch 'feature/initiation-and-requi'"
2026-01-11 14:27:30,"YESTECH-SK","Defining core features for Phase 2 MVP"
2026-01-11 11:24:25,"YESTECH-SK","Merge branch 'feature/scoping-the-react-in'"
2026-01-11 11:24:25,"YESTECH-SK","initiation and requirement scoping"
2026-01-09 21:26:35,"YESTECH-SK","Merge branch 'feature/order100-project-ini'"
2026-01-09 21:26:35,"YESTECH-SK","Scoping the React-inspired Loyalty Proxy Admin UI"
2026-01-09 16:50:37,"YESTECH-SK","Order100 project initiation and requirement scoping"
2026-01-09 12:24:58,"YESTECH-SK","Merge branch 'feature/defining-the-scope-f'"
2026-01-09 12:24:58,"YESTECH-SK","Order100 project initiation and requirement scoping"
2026-01-08 16:40:45,"YESTECH-SK","Merge branch 'feature/reviewing-branch-man'"
2026-01-08 16:40:45,"YESTECH-SK","Defining the scope for the new Product Addons UI"
2026-01-08 12:20:20,"YESTECH-SK","Merge branch 'feature/gathering-stakeholde'"
2026-01-08 12:20:20,"YESTECH-SK","Reviewing branch management pain points with clients"
2026-01-07 21:40:51,"YESTECH-SK","Merge branch 'feature/kickoff-meeting-and-'"
2026-01-07 21:40:51,"YESTECH-SK","Gathering stakeholder input for the new Loyalty system"
2026-01-07 12:22:14,"YESTECH-SK","Merge branch 'feature/setting-up-project-m'"
2026-01-07 12:22:14,"YESTECH-SK","Kickoff meeting and Phase 2 milestone planning"
2026-01-06 22:26:40,"YESTECH-SK","Setting up project management boards and issue trackers"
2026-01-06 16:57:17,"YESTECH-SK","Merge branch 'feature/order100-project-ini'"
2026-01-06 16:57:17,"YESTECH-SK","Setting up project management boards and issue trackers"
2026-01-06 14:49:19,"YESTECH-SK","Merge branch 'feature/reviewing-current-ch'"
2026-01-06 14:49:19,"YESTECH-SK","Order100 project initiation and requirement scoping"
2026-01-06 12:50:33,"YESTECH-SK","Reviewing current checkout flow bottlenecks"
2026-01-06 10:46:01,"YESTECH-SK","Merge branch 'feature/creating-the-6-month'"
2026-01-06 10:46:01,"YESTECH-SK","Reviewing current checkout flow bottlenecks"
2026-01-05 22:31:32,"YESTECH-SK","Creating the 6-month Phase 2 development roadmap"
2026-01-05 16:48:31,"YESTECH-SK","Merge branch 'feature/identifying-legacy-e'"
2026-01-05 16:48:31,"YESTECH-SK","Creating the 6-month Phase 2 development roadmap"
2026-01-05 14:27:37,"YESTECH-SK","Identifying legacy ExFood features to be deprecated"
2026-01-05 11:42:54,"YESTECH-SK","Merge branch 'feature/defining-business-ob'"
2026-01-05 11:42:54,"YESTECH-SK","Identifying legacy ExFood features to be deprecated"
2026-01-04 21:53:09,"YESTECH-SK","Defining business objectives for the Order100 SaaS transition"
2026-01-04 17:04:21,"YESTECH-SK","Merge branch 'feature/analyzing-phase-1-me'"
2026-01-04 17:04:21,"YESTECH-SK","Defining business objectives for the Order100 SaaS transition"
2026-01-04 14:19:40,"YESTECH-SK","Analyzing Phase 1 merchant feedback and feature requests"
2026-01-04 12:34:39,"YESTECH-SK","Merge branch 'feature/order100-project-ini'"
2026-01-04 12:34:39,"YESTECH-SK","Analyzing Phase 1 merchant feedback and feature requests"
2026-01-02 17:05:18,"YESTECH-SK","Order100 project initiation and requirement scoping"
2026-01-01 12:00:00,"YESTECH-SK","Initial commit: Core repository structure and source code base layer"